Scenario,Class,Technology,Year,Value
Advanced,1,Technology 1,2022,4429.425325925925
Advanced,1,Technology 1,2023,4495.415703703701
Advanced,1,Technology 1,2024,4561.76513333333
Advanced,1,Technology 1,2025,4628.4736148148095
Advanced,1,Technology 1,2026,4695.5411481481415
Advanced,1,Technology 1,2027,4762.967733333327
Advanced,1,Technology 1,2028,4830.753370370363
Advanced,1,Technology 1,2029,4898.89805925926
Advanced,1,Technology 1,2030,4967.4018
Advanced,1,Technology 1,2031,4971.680423344259
Advanced,1,Technology 1,2032,4975.960310426222
Advanced,1,Technology 1,2033,4980.241461245899
Advanced,1,Technology 1,2034,4984.523875803279
Advanced,1,Technology 1,2035,4988.8075540983555
Advanced,1,Technology 1,2036,4993.092496131143
Advanced,1,Technology 1,2037,4997.378701901637
Advanced,1,Technology 1,2038,5001.666171409834
Advanced,1,Technology 1,2039,5005.954904655736
Advanced,1,Technology 1,2040,5010.24490163934
Advanced,1,Technology 1,2041,5014.53616236065
Advanced,1,Technology 1,2042,5018.828686819664
Advanced,1,Technology 1,2043,5023.122475016392
Advanced,1,Technology 1,2044,5027.417526950814
Advanced,1,Technology 1,2045,5031.713842622949
Advanced,1,Technology 1,2046,5036.0114220327805
Advanced,1,Technology 1,2047,5040.310265180324
Advanced,1,Technology 1,2048,5044.610372065572
Advanced,1,Technology 1,2049,5048.911742688524
Advanced,1,Technology 1,2050,5053.21437704918
Moderate,1,Technology 1,2022,4397.3155999999935
Moderate,1,Technology 1,2023,4430.837199999997
Moderate,1,Technology 1,2024,4464.3588
Moderate,1,Technology 1,2025,4497.880399999995
Moderate,1,Technology 1,2026,4531.401999999997
Moderate,1,Technology 1,2027,4564.9236
Moderate,1,Technology 1,2028,4598.445199999995
Moderate,1,Technology 1,2029,4631.966799999997
Moderate,1,Technology 1,2030,4665.4884
Moderate,1,Technology 1,2031,4669.25958
Moderate,1,Technology 1,2032,4673.03076
Moderate,1,Technology 1,2033,4676.80194
Moderate,1,Technology 1,2034,4680.57312
Moderate,1,Technology 1,2035,4684.3443
Moderate,1,Technology 1,2036,4688.11548
Moderate,1,Technology 1,2037,4691.88666
Moderate,1,Technology 1,2038,4695.657839999992
Moderate,1,Technology 1,2039,4699.4290200000005
Moderate,1,Technology 1,2040,4703.2002
Moderate,1,Technology 1,2041,4706.97138
Moderate,1,Technology 1,2042,4710.74256
Moderate,1,Technology 1,2043,4714.51374
Moderate,1,Technology 1,2044,4718.28492
Moderate,1,Technology 1,2045,4722.0561
Moderate,1,Technology 1,2046,4725.82728
Moderate,1,Technology 1,2047,4729.59846
Moderate,1,Technology 1,2048,4733.36964
Moderate,1,Technology 1,2049,4737.1408200000005
Moderate,1,Technology 1,2050,4740.912
Conservative,1,Technology 1,2022,4369.779999999997
Conservative,1,Technology 1,2023,4375.765999999994
Conservative,1,Technology 1,2024,4381.7519999999995
Conservative,1,Technology 1,2025,4387.737999999998
Conservative,1,Technology 1,2026,4393.723999999995
Conservative,1,Technology 1,2027,4399.71
Conservative,1,Technology 1,2028,4405.695999999997
Conservative,1,Technology 1,2029,4411.681999999994
Conservative,1,Technology 1,2030,4417.668
Conservative,1,Technology 1,2031,4423.0554
Conservative,1,Technology 1,2032,4428.442800000001
Conservative,1,Technology 1,2033,4433.830199999999
Conservative,1,Technology 1,2034,4439.2176
Conservative,1,Technology 1,2035,4444.6050000000005
Conservative,1,Technology 1,2036,4449.9924
Conservative,1,Technology 1,2037,4455.3798
Conservative,1,Technology 1,2038,4460.7672
Conservative,1,Technology 1,2039,4466.154599999992
Conservative,1,Technology 1,2040,4471.5419999999995
Conservative,1,Technology 1,2041,4476.9294
Conservative,1,Technology 1,2042,4482.3168000000005
Conservative,1,Technology 1,2043,4487.704199999999
Conservative,1,Technology 1,2044,4493.0916
Conservative,1,Technology 1,2045,4498.479
Conservative,1,Technology 1,2046,4503.866400000001
Conservative,1,Technology 1,2047,4509.2537999999995
Conservative,1,Technology 1,2048,4514.6412
Conservative,1,Technology 1,2049,4520.028600000001
Conservative,1,Technology 1,2050,4525.415999999999
Advanced,2,Technology 1,2022,4156.722632592587
Advanced,2,Technology 1,2023,4219.643117037033
Advanced,2,Technology 1,2024,4282.922653333332
Advanced,2,Technology 1,2025,4346.561241481475
Advanced,2,Technology 1,2026,4410.558881481477
Advanced,2,Technology 1,2027,4474.915573333333
Advanced,2,Technology 1,2028,4539.63131703703
Advanced,2,Technology 1,2029,4604.706112592589
Advanced,2,Technology 1,2030,4670.1399599999995
Advanced,2,Technology 1,2031,4673.67703099453
Advanced,2,Technology 1,2032,4677.2146381202165
Advanced,2,Technology 1,2033,4680.752781377045
Advanced,2,Technology 1,2034,4684.291460765023
Advanced,2,Technology 1,2035,4687.830676284149
Advanced,2,Technology 1,2036,4691.370427934426
Advanced,2,Technology 1,2037,4694.910715715842
Advanced,2,Technology 1,2038,4698.451539628409
Advanced,2,Technology 1,2039,4701.992899672124
Advanced,2,Technology 1,2040,4705.534795846988
Advanced,2,Technology 1,2041,4709.077228153003
Advanced,2,Technology 1,2042,4712.620196590157
Advanced,2,Technology 1,2043,4716.163701158462
Advanced,2,Technology 1,2044,4719.707741857916
Advanced,2,Technology 1,2045,4723.252318688518
Advanced,2,Technology 1,2046,4726.7974316502705
Advanced,2,Technology 1,2047,4730.343080743163
Advanced,2,Technology 1,2048,4733.889265967206
Advanced,2,Technology 1,2049,4737.435987322397
Advanced,2,Technology 1,2050,4740.983244808738
Moderate,2,Technology 1,2022,4125.611546666665
Moderate,2,Technology 1,2023,4157.06189333333
Moderate,2,Technology 1,2024,4188.512239999994
Moderate,2,Technology 1,2025,4219.962586666658
Moderate,2,Technology 1,2026,4251.412933333332
Moderate,2,Technology 1,2027,4282.863279999997
Moderate,2,Technology 1,2028,4314.3136266666625
Moderate,2,Technology 1,2029,4345.763973333327
Moderate,2,Technology 1,2030,4377.214319999991
Moderate,2,Technology 1,2031,4380.752484
Moderate,2,Technology 1,2032,4384.290648
Moderate,2,Technology 1,2033,4387.828812
Moderate,2,Technology 1,2034,4391.366976
Moderate,2,Technology 1,2035,4394.905139999992
Moderate,2,Technology 1,2036,4398.443303999991
Moderate,2,Technology 1,2037,4401.981467999992
Moderate,2,Technology 1,2038,4405.519632
Moderate,2,Technology 1,2039,4409.057796
Moderate,2,Technology 1,2040,4412.59596
Moderate,2,Technology 1,2041,4416.134124
Moderate,2,Technology 1,2042,4419.672288
Moderate,2,Technology 1,2043,4423.210452
Moderate,2,Technology 1,2044,4426.748616
Moderate,2,Technology 1,2045,4430.28678
Moderate,2,Technology 1,2046,4433.824944000001
Moderate,2,Technology 1,2047,4437.363108
Moderate,2,Technology 1,2048,4440.901272
Moderate,2,Technology 1,2049,4444.439436
Moderate,2,Technology 1,2050,4447.9776
Conservative,2,Technology 1,2022,4099.7773333333325
Conservative,2,Technology 1,2023,4105.393466666665
Conservative,2,Technology 1,2024,4111.009599999998
Conservative,2,Technology 1,2025,4116.62573333333
Conservative,2,Technology 1,2026,4122.241866666662
Conservative,2,Technology 1,2027,4127.857999999994
Conservative,2,Technology 1,2028,4133.474133333327
Conservative,2,Technology 1,2029,4139.090266666659
Conservative,2,Technology 1,2030,4144.7064
Conservative,2,Technology 1,2031,4149.7609199999915
Conservative,2,Technology 1,2032,4154.81544
Conservative,2,Technology 1,2033,4159.869959999991
Conservative,2,Technology 1,2034,4164.92448
Conservative,2,Technology 1,2035,4169.978999999991
Conservative,2,Technology 1,2036,4175.03352
Conservative,2,Technology 1,2037,4180.088039999991
Conservative,2,Technology 1,2038,4185.14256
Conservative,2,Technology 1,2039,4190.197079999992
Conservative,2,Technology 1,2040,4195.2516
Conservative,2,Technology 1,2041,4200.306119999991
Conservative,2,Technology 1,2042,4205.360639999991
Conservative,2,Technology 1,2043,4210.415159999991
Conservative,2,Technology 1,2044,4215.469679999991
Conservative,2,Technology 1,2045,4220.524199999991
Conservative,2,Technology 1,2046,4225.578719999991
Conservative,2,Technology 1,2047,4230.633239999991
Conservative,2,Technology 1,2048,4235.687759999992
Conservative,2,Technology 1,2049,4240.742279999991
Conservative,2,Technology 1,2050,4245.796799999991
Advanced,3,Technology 1,2022,4063.4296059259186
Advanced,3,Technology 1,2023,4125.299863703698
Advanced,3,Technology 1,2024,4187.529173333329
Advanced,3,Technology 1,2025,4250.117534814813
Advanced,3,Technology 1,2026,4313.06494814814
Advanced,3,Technology 1,2027,4376.371413333327
Advanced,3,Technology 1,2028,4440.0369303703665
Advanced,3,Technology 1,2029,4504.061499259256
Advanced,3,Technology 1,2030,4568.445119999999
Advanced,3,Technology 1,2031,4571.728502032784
Advanced,3,Technology 1,2032,4575.012171278687
Advanced,3,Technology 1,2033,4578.296127737704
Advanced,3,Technology 1,2034,4581.580371409834
Advanced,3,Technology 1,2035,4584.864902295076
Advanced,3,Technology 1,2036,4588.14972039344
Advanced,3,Technology 1,2037,4591.434825704915
Advanced,3,Technology 1,2038,4594.720218229504
Advanced,3,Technology 1,2039,4598.005897967205
Advanced,3,Technology 1,2040,4601.291864918028
Advanced,3,Technology 1,2041,4604.578119081963
Advanced,3,Technology 1,2042,4607.864660459011
Advanced,3,Technology 1,2043,4611.15148904918
Advanced,3,Technology 1,2044,4614.438604852453
Advanced,3,Technology 1,2045,4617.726007868848
Advanced,3,Technology 1,2046,4621.013698098354
Advanced,3,Technology 1,2047,4624.3016755409835
Advanced,3,Technology 1,2048,4627.589940196715
Advanced,3,Technology 1,2049,4630.878492065569
Advanced,3,Technology 1,2050,4634.167331147535
Moderate,3,Technology 1,2022,4032.660159999997
Moderate,3,Technology 1,2023,4063.401919999994
Moderate,3,Technology 1,2024,4094.1436799999915
Moderate,3,Technology 1,2025,4124.885439999997
Moderate,3,Technology 1,2026,4155.627199999994
Moderate,3,Technology 1,2027,4186.368959999991
Moderate,3,Technology 1,2028,4217.110719999997
Moderate,3,Technology 1,2029,4247.852479999994
Moderate,3,Technology 1,2030,4278.594239999991
Moderate,3,Technology 1,2031,4282.052687999992
Moderate,3,Technology 1,2032,4285.511135999992
Moderate,3,Technology 1,2033,4288.969583999991
Moderate,3,Technology 1,2034,4292.428031999991
Moderate,3,Technology 1,2035,4295.886479999991
Moderate,3,Technology 1,2036,4299.344927999991
Moderate,3,Technology 1,2037,4302.803375999992
Moderate,3,Technology 1,2038,4306.261823999991
Moderate,3,Technology 1,2039,4309.720271999991
Moderate,3,Technology 1,2040,4313.17872
Moderate,3,Technology 1,2041,4316.637167999991
Moderate,3,Technology 1,2042,4320.095616
Moderate,3,Technology 1,2043,4323.554063999992
Moderate,3,Technology 1,2044,4327.012512
Moderate,3,Technology 1,2045,4330.47096
Moderate,3,Technology 1,2046,4333.929407999991
Moderate,3,Technology 1,2047,4337.387855999991
Moderate,3,Technology 1,2048,4340.846304
Moderate,3,Technology 1,2049,4344.304751999991
Moderate,3,Technology 1,2050,4347.763199999991
Conservative,3,Technology 1,2022,4007.4079999999944
Conservative,3,Technology 1,2023,4012.897599999997
Conservative,3,Technology 1,2024,4018.3871999999915
Conservative,3,Technology 1,2025,4023.876799999994
Conservative,3,Technology 1,2026,4029.366399999997
Conservative,3,Technology 1,2027,4034.855999999991
Conservative,3,Technology 1,2028,4040.345599999994
Conservative,3,Technology 1,2029,4045.8351999999973
Conservative,3,Technology 1,2030,4051.3248
Conservative,3,Technology 1,2031,4056.2654399999915
Conservative,3,Technology 1,2032,4061.2060799999913
Conservative,3,Technology 1,2033,4066.146719999991
Conservative,3,Technology 1,2034,4071.08736
Conservative,3,Technology 1,2035,4076.027999999991
Conservative,3,Technology 1,2036,4080.9686399999914
Conservative,3,Technology 1,2037,4085.909279999991
Conservative,3,Technology 1,2038,4090.8499199999915
Conservative,3,Technology 1,2039,4095.790559999991
Conservative,3,Technology 1,2040,4100.731199999991
Conservative,3,Technology 1,2041,4105.671839999991
Conservative,3,Technology 1,2042,4110.612479999992
Conservative,3,Technology 1,2043,4115.553119999991
Conservative,3,Technology 1,2044,4120.493759999991
Conservative,3,Technology 1,2045,4125.434399999992
Conservative,3,Technology 1,2046,4130.375039999991
Conservative,3,Technology 1,2047,4135.3156799999915
Conservative,3,Technology 1,2048,4140.256319999991
Conservative,3,Technology 1,2049,4145.196959999991
Conservative,3,Technology 1,2050,4150.137599999991
Advanced,4,Technology 1,2022,3955.7838059259216
Advanced,4,Technology 1,2023,4016.442263703704
Advanced,4,Technology 1,2024,4077.4597733333294
Advanced,4,Technology 1,2025,4138.836334814807
Advanced,4,Technology 1,2026,4200.571948148145
Advanced,4,Technology 1,2027,4262.6666133333265
Advanced,4,Technology 1,2028,4325.120330370369
Advanced,4,Technology 1,2029,4387.933099259254
Advanced,4,Technology 1,2030,4451.104919999992
Advanced,4,Technology 1,2031,4454.095584
Advanced,4,Technology 1,2032,4457.086247999991
Advanced,4,Technology 1,2033,4460.0769119999995
Advanced,4,Technology 1,2034,4463.067575999991
Advanced,4,Technology 1,2035,4466.058239999991
Advanced,4,Technology 1,2036,4469.048904
Advanced,4,Technology 1,2037,4472.039567999992
Advanced,4,Technology 1,2038,4475.030232
Advanced,4,Technology 1,2039,4478.020895999992
Advanced,4,Technology 1,2040,4481.01156
Advanced,4,Technology 1,2041,4484.002223999992
Advanced,4,Technology 1,2042,4486.992887999992
Advanced,4,Technology 1,2043,4489.983552
Advanced,4,Technology 1,2044,4492.974215999991
Advanced,4,Technology 1,2045,4495.9648799999995
Advanced,4,Technology 1,2046,4498.955543999991
Advanced,4,Technology 1,2047,4501.946207999999
Advanced,4,Technology 1,2048,4504.936871999991
Advanced,4,Technology 1,2049,4507.927535999992
Advanced,4,Technology 1,2050,4510.9182
Moderate,4,Technology 1,2022,3925.40856
Moderate,4,Technology 1,2023,3955.33272
Moderate,4,Technology 1,2024,3985.25688
Moderate,4,Technology 1,2025,4015.18104
Moderate,4,Technology 1,2026,4045.1052
Moderate,4,Technology 1,2027,4075.02936
Moderate,4,Technology 1,2028,4104.95352
Moderate,4,Technology 1,2029,4134.87768
Moderate,4,Technology 1,2030,4164.80184
Moderate,4,Technology 1,2031,4168.168308
Moderate,4,Technology 1,2032,4171.5347759999995
Moderate,4,Technology 1,2033,4174.901244
Moderate,4,Technology 1,2034,4178.267712
Moderate,4,Technology 1,2035,4181.63418
Moderate,4,Technology 1,2036,4185.000648
Moderate,4,Technology 1,2037,4188.367116
Moderate,4,Technology 1,2038,4191.733584
Moderate,4,Technology 1,2039,4195.100052
Moderate,4,Technology 1,2040,4198.46652
Moderate,4,Technology 1,2041,4201.832988
Moderate,4,Technology 1,2042,4205.199456
Moderate,4,Technology 1,2043,4208.565924
Moderate,4,Technology 1,2044,4211.932392000001
Moderate,4,Technology 1,2045,4215.29886
Moderate,4,Technology 1,2046,4218.665328
Moderate,4,Technology 1,2047,4222.031796
Moderate,4,Technology 1,2048,4225.3982639999995
Moderate,4,Technology 1,2049,4228.764732
Moderate,4,Technology 1,2050,4232.1312
Conservative,4,Technology 1,2022,3900.828
Conservative,4,Technology 1,2023,3906.1715999999997
Conservative,4,Technology 1,2024,3911.5152
Conservative,4,Technology 1,2025,3916.8588000000004
Conservative,4,Technology 1,2026,3922.2024
Conservative,4,Technology 1,2027,3927.5460000000003
Conservative,4,Technology 1,2028,3932.8896000000004
Conservative,4,Technology 1,2029,3938.2332
Conservative,4,Technology 1,2030,3943.5768000000003
Conservative,4,Technology 1,2031,3948.38604
Conservative,4,Technology 1,2032,3953.19528
Conservative,4,Technology 1,2033,3958.00452
Conservative,4,Technology 1,2034,3962.81376
Conservative,4,Technology 1,2035,3967.623
Conservative,4,Technology 1,2036,3972.43224
Conservative,4,Technology 1,2037,3977.24148
Conservative,4,Technology 1,2038,3982.0507199999997
Conservative,4,Technology 1,2039,3986.85996
Conservative,4,Technology 1,2040,3991.6692000000003
Conservative,4,Technology 1,2041,3996.47844
Conservative,4,Technology 1,2042,4001.28768
Conservative,4,Technology 1,2043,4006.09692
Conservative,4,Technology 1,2044,4010.90616
Conservative,4,Technology 1,2045,4015.7154
Conservative,4,Technology 1,2046,4020.5246399999996
Conservative,4,Technology 1,2047,4025.33388
Conservative,4,Technology 1,2048,4030.14312
Conservative,4,Technology 1,2049,4034.9523599999998
Conservative,4,Technology 1,2050,4039.7616000000003
Advanced,5,Technology 1,2022,3826.6088459259217
Advanced,5,Technology 1,2023,3885.813143703704
Advanced,5,Technology 1,2024,3945.3764933333296
Advanced,5,Technology 1,2025,4005.298894814807
Advanced,5,Technology 1,2026,4065.5803481481453
Advanced,5,Technology 1,2027,4126.220853333327
Advanced,5,Technology 1,2028,4187.220410370369
Advanced,5,Technology 1,2029,4248.579019259254
Advanced,5,Technology 1,2030,4310.29668
Advanced,5,Technology 1,2031,4312.936082360654
Advanced,5,Technology 1,2032,4315.575140065572
Advanced,5,Technology 1,2033,4318.213853114747
Advanced,5,Technology 1,2034,4320.852221508195
Advanced,5,Technology 1,2035,4323.490245245898
Advanced,5,Technology 1,2036,4326.127924327868
Advanced,5,Technology 1,2037,4328.765258754093
Advanced,5,Technology 1,2038,4331.402248524583
Advanced,5,Technology 1,2039,4334.038893639338
Advanced,5,Technology 1,2040,4336.675194098358
Advanced,5,Technology 1,2041,4339.311149901634
Advanced,5,Technology 1,2042,4341.946761049175
Advanced,5,Technology 1,2043,4344.582027540981
Advanced,5,Technology 1,2044,4347.2169493770425
Advanced,5,Technology 1,2045,4349.851526557369
Advanced,5,Technology 1,2046,4352.48575908196
Advanced,5,Technology 1,2047,4355.119646950817
Advanced,5,Technology 1,2048,4357.7531901639295
Advanced,5,Technology 1,2049,4360.3863887213065
Advanced,5,Technology 1,2050,4363.01924262295
Moderate,5,Technology 1,2022,3796.7066400000003
Moderate,5,Technology 1,2023,3825.64968
Moderate,5,Technology 1,2024,3854.59272
Moderate,5,Technology 1,2025,3883.5357599999998
Moderate,5,Technology 1,2026,3912.4788000000003
Moderate,5,Technology 1,2027,3941.42184
Moderate,5,Technology 1,2028,3970.3648799999996
Moderate,5,Technology 1,2029,3999.30792
Moderate,5,Technology 1,2030,4028.25096
Moderate,5,Technology 1,2031,4031.507052
Moderate,5,Technology 1,2032,4034.763144
Moderate,5,Technology 1,2033,4038.019236
Moderate,5,Technology 1,2034,4041.2753279999997
Moderate,5,Technology 1,2035,4044.5314200000003
Moderate,5,Technology 1,2036,4047.787512
Moderate,5,Technology 1,2037,4051.0436040000004
Moderate,5,Technology 1,2038,4054.299696
Moderate,5,Technology 1,2039,4057.5557879999997
Moderate,5,Technology 1,2040,4060.81188
Moderate,5,Technology 1,2041,4064.067972
Moderate,5,Technology 1,2042,4067.324064
Moderate,5,Technology 1,2043,4070.580156
Moderate,5,Technology 1,2044,4073.836248
Moderate,5,Technology 1,2045,4077.0923399999997
Moderate,5,Technology 1,2046,4080.3484320000002
Moderate,5,Technology 1,2047,4083.604524
Moderate,5,Technology 1,2048,4086.8606160000004
Moderate,5,Technology 1,2049,4090.116708
Moderate,5,Technology 1,2050,4093.3727999999996
Conservative,5,Technology 1,2022,3772.9320000000002
Conservative,5,Technology 1,2023,3778.1004000000003
Conservative,5,Technology 1,2024,3783.2688
Conservative,5,Technology 1,2025,3788.4372000000003
Conservative,5,Technology 1,2026,3793.6056
Conservative,5,Technology 1,2027,3798.774
Conservative,5,Technology 1,2028,3803.9424
Conservative,5,Technology 1,2029,3809.1108
Conservative,5,Technology 1,2030,3814.2792
Conservative,5,Technology 1,2031,3818.9307599999997
Conservative,5,Technology 1,2032,3823.58232
Conservative,5,Technology 1,2033,3828.2338799999998
Conservative,5,Technology 1,2034,3832.88544
Conservative,5,Technology 1,2035,3837.536999999991
Conservative,5,Technology 1,2036,3842.1885599999914
Conservative,5,Technology 1,2037,3846.840119999991
Conservative,5,Technology 1,2038,3851.4916799999914
Conservative,5,Technology 1,2039,3856.1432399999912
Conservative,5,Technology 1,2040,3860.7947999999915
Conservative,5,Technology 1,2041,3865.4463599999913
Conservative,5,Technology 1,2042,3870.0979199999915
Conservative,5,Technology 1,2043,3874.7494799999913
Conservative,5,Technology 1,2044,3879.4010399999916
Conservative,5,Technology 1,2045,3884.052599999991
Conservative,5,Technology 1,2046,3888.704159999991
Conservative,5,Technology 1,2047,3893.355719999991
Conservative,5,Technology 1,2048,3898.007279999991
Conservative,5,Technology 1,2049,3902.658839999991
Conservative,5,Technology 1,2050,3907.310399999991
Advanced,6,Technology 1,2022,3625.6700192592566
Advanced,6,Technology 1,2023,3682.612290370366
Advanced,6,Technology 1,2024,3739.9136133333263
Advanced,6,Technology 1,2025,3797.573988148148
Advanced,6,Technology 1,2026,3855.593414814813
Advanced,6,Technology 1,2027,3913.9718933333293
Advanced,6,Technology 1,2028,3972.709423703698
Advanced,6,Technology 1,2029,4031.8060059259187
Advanced,6,Technology 1,2030,4091.2616399999997
Advanced,6,Technology 1,2031,4093.3546353661154
Advanced,6,Technology 1,2032,4095.446749945355
Advanced,6,Technology 1,2033,4097.537983737701
Advanced,6,Technology 1,2034,4099.628336743163
Advanced,6,Technology 1,2035,4101.71780896174
Advanced,6,Technology 1,2036,4103.806400393442
Advanced,6,Technology 1,2037,4105.894111038251
Advanced,6,Technology 1,2038,4107.980940896175
Advanced,6,Technology 1,2039,4110.0668899672055
Advanced,6,Technology 1,2040,4112.15195825136
Advanced,6,Technology 1,2041,4114.23614574863
Advanced,6,Technology 1,2042,4116.319452459017
Advanced,6,Technology 1,2043,4118.4018783825095
Advanced,6,Technology 1,2044,4120.483423519118
Advanced,6,Technology 1,2045,4122.564087868851
Advanced,6,Technology 1,2046,4124.64387143169
Advanced,6,Technology 1,2047,4126.722774207645
Advanced,6,Technology 1,2048,4128.800796196715
Advanced,6,Technology 1,2049,4130.877937398901
Advanced,6,Technology 1,2050,4132.954197814202
Moderate,6,Technology 1,2022,3596.503653333327
Moderate,6,Technology 1,2023,3623.920506666662
Moderate,6,Technology 1,2024,3651.337359999997
Moderate,6,Technology 1,2025,3678.7542133333322
Moderate,6,Technology 1,2026,3706.171066666659
Moderate,6,Technology 1,2027,3733.5879199999945
Moderate,6,Technology 1,2028,3761.0047733333295
Moderate,6,Technology 1,2029,3788.4216266666645
Moderate,6,Technology 1,2030,3815.83848
Moderate,6,Technology 1,2031,3818.922876
Moderate,6,Technology 1,2032,3822.007272
Moderate,6,Technology 1,2033,3825.091668
Moderate,6,Technology 1,2034,3828.176064
Moderate,6,Technology 1,2035,3831.26046
Moderate,6,Technology 1,2036,3834.344856
Moderate,6,Technology 1,2037,3837.4292520000004
Moderate,6,Technology 1,2038,3840.513648
Moderate,6,Technology 1,2039,3843.598043999991
Moderate,6,Technology 1,2040,3846.68244
Moderate,6,Technology 1,2041,3849.7668360000002
Moderate,6,Technology 1,2042,3852.8512320000004
Moderate,6,Technology 1,2043,3855.9356279999997
Moderate,6,Technology 1,2044,3859.020024
Moderate,6,Technology 1,2045,3862.1044199999997
Moderate,6,Technology 1,2046,3865.188816
Moderate,6,Technology 1,2047,3868.273212
Moderate,6,Technology 1,2048,3871.357608
Moderate,6,Technology 1,2049,3874.442004
Moderate,6,Technology 1,2050,3877.5263999999997
Conservative,6,Technology 1,2022,3573.982666666659
Conservative,6,Technology 1,2023,3578.8785333333267
Conservative,6,Technology 1,2024,3583.7743999999943
Conservative,6,Technology 1,2025,3588.670266666662
Conservative,6,Technology 1,2026,3593.5661333333296
Conservative,6,Technology 1,2027,3598.4619999999973
Conservative,6,Technology 1,2028,3603.357866666665
Conservative,6,Technology 1,2029,3608.2537333333325
Conservative,6,Technology 1,2030,3613.1495999999997
Conservative,6,Technology 1,2031,3617.5558799999912
Conservative,6,Technology 1,2032,3621.96216
Conservative,6,Technology 1,2033,3626.3684399999997
Conservative,6,Technology 1,2034,3630.77472
Conservative,6,Technology 1,2035,3635.180999999991
Conservative,6,Technology 1,2036,3639.5872799999916
Conservative,6,Technology 1,2037,3643.9935599999912
Conservative,6,Technology 1,2038,3648.3998399999914
Conservative,6,Technology 1,2039,3652.806119999991
Conservative,6,Technology 1,2040,3657.212399999991
Conservative,6,Technology 1,2041,3661.6186799999914
Conservative,6,Technology 1,2042,3666.024959999991
Conservative,6,Technology 1,2043,3670.4312399999912
Conservative,6,Technology 1,2044,3674.837519999991
Conservative,6,Technology 1,2045,3679.2437999999916
Conservative,6,Technology 1,2046,3683.6500799999912
Conservative,6,Technology 1,2047,3688.0563599999914
Conservative,6,Technology 1,2048,3692.462639999991
Conservative,6,Technology 1,2049,3696.8689199999912
Conservative,6,Technology 1,2050,3701.2751999999914
Advanced,7,Technology 1,2022,3345.790939259254
Advanced,7,Technology 1,2023,3399.5825303703687
Advanced,7,Technology 1,2024,3453.7331733333262
Advanced,7,Technology 1,2025,3508.242868148145
Advanced,7,Technology 1,2026,3563.111614814807
Advanced,7,Technology 1,2027,3618.3394133333295
Advanced,7,Technology 1,2028,3673.9262637037036
Advanced,7,Technology 1,2029,3729.8721659259218
Advanced,7,Technology 1,2030,3786.17712
Advanced,7,Technology 1,2031,3787.509048480867
Advanced,7,Technology 1,2032,3788.8393494207576
Advanced,7,Technology 1,2033,3790.16802281967
Advanced,7,Technology 1,2034,3791.4950686775883
Advanced,7,Technology 1,2035,3792.8204869945293
Advanced,7,Technology 1,2036,3794.144277770484
Advanced,7,Technology 1,2037,3795.4664410054615
Advanced,7,Technology 1,2038,3796.7869766994536
Advanced,7,Technology 1,2039,3798.1058848524503
Advanced,7,Technology 1,2040,3799.4231654644786
Advanced,7,Technology 1,2041,3800.7388185355126
Advanced,7,Technology 1,2042,3802.052844065569
Advanced,7,Technology 1,2043,3803.3652420546396
Advanced,7,Technology 1,2044,3804.6760125027236
Advanced,7,Technology 1,2045,3805.9851554098304
Advanced,7,Technology 1,2046,3807.292670775952
Advanced,7,Technology 1,2047,3808.598558601087
Advanced,7,Technology 1,2048,3809.902818885245
Advanced,7,Technology 1,2049,3811.2054516284084
Advanced,7,Technology 1,2050,3812.5064568305943
Moderate,7,Technology 1,2022,3317.6494933333324
Moderate,7,Technology 1,2023,3342.940586666665
Moderate,7,Technology 1,2024,3368.2316799999967
Moderate,7,Technology 1,2025,3393.522773333329
Moderate,7,Technology 1,2026,3418.813866666662
Moderate,7,Technology 1,2027,3444.104959999994
Moderate,7,Technology 1,2028,3469.3960533333266
Moderate,7,Technology 1,2029,3494.687146666659
Moderate,7,Technology 1,2030,3519.97824
Moderate,7,Technology 1,2031,3522.8234879999995
Moderate,7,Technology 1,2032,3525.668736
Moderate,7,Technology 1,2033,3528.513984
Moderate,7,Technology 1,2034,3531.3592320000002
Moderate,7,Technology 1,2035,3534.20448
Moderate,7,Technology 1,2036,3537.049728
Moderate,7,Technology 1,2037,3539.894976
Moderate,7,Technology 1,2038,3542.740224
Moderate,7,Technology 1,2039,3545.5854719999998
Moderate,7,Technology 1,2040,3548.43072
Moderate,7,Technology 1,2041,3551.275968
Moderate,7,Technology 1,2042,3554.121216
Moderate,7,Technology 1,2043,3556.9664639999996
Moderate,7,Technology 1,2044,3559.8117119999997
Moderate,7,Technology 1,2045,3562.65696
Moderate,7,Technology 1,2046,3565.5022080000003
Moderate,7,Technology 1,2047,3568.347456
Moderate,7,Technology 1,2048,3571.192704
Moderate,7,Technology 1,2049,3574.037952
Moderate,7,Technology 1,2050,3576.8832
Conservative,7,Technology 1,2022,3296.8746666666616
Conservative,7,Technology 1,2023,3301.390933333332
Conservative,7,Technology 1,2024,3305.907199999994
Conservative,7,Technology 1,2025,3310.4234666666644
Conservative,7,Technology 1,2026,3314.939733333327
Conservative,7,Technology 1,2027,3319.4559999999974
Conservative,7,Technology 1,2028,3323.972266666659
Conservative,7,Technology 1,2029,3328.4885333333295
Conservative,7,Technology 1,2030,3333.0047999999997
Conservative,7,Technology 1,2031,3337.06944
Conservative,7,Technology 1,2032,3341.1340800000003
Conservative,7,Technology 1,2033,3345.19872
Conservative,7,Technology 1,2034,3349.26336
Conservative,7,Technology 1,2035,3353.328
Conservative,7,Technology 1,2036,3357.39264
Conservative,7,Technology 1,2037,3361.45728
Conservative,7,Technology 1,2038,3365.5219199999997
Conservative,7,Technology 1,2039,3369.58656
Conservative,7,Technology 1,2040,3373.6512000000002
Conservative,7,Technology 1,2041,3377.71584
Conservative,7,Technology 1,2042,3381.7804799999913
Conservative,7,Technology 1,2043,3385.8451199999913
Conservative,7,Technology 1,2044,3389.909759999991
Conservative,7,Technology 1,2045,3393.9743999999914
Conservative,7,Technology 1,2046,3398.0390399999915
Conservative,7,Technology 1,2047,3402.103679999991
Conservative,7,Technology 1,2048,3406.168319999991
Conservative,7,Technology 1,2049,3410.23296
Conservative,7,Technology 1,2050,3414.2975999999912
Advanced,8,Technology 2,2022,3022.8535392592544
Advanced,8,Technology 2,2023,3073.0097303703687
Advanced,8,Technology 2,2024,3123.5249733333267
Advanced,8,Technology 2,2025,3174.399268148145
Advanced,8,Technology 2,2026,3225.6326148148073
Advanced,8,Technology 2,2027,3277.2250133333296
Advanced,8,Technology 2,2028,3329.1764637036954
Advanced,8,Technology 2,2029,3381.4869659259216
Advanced,8,Technology 2,2030,3434.15652
Advanced,8,Technology 2,2031,3436.4639039999997
Advanced,8,Technology 2,2032,3438.771288
Advanced,8,Technology 2,2033,3441.0786719999996
Advanced,8,Technology 2,2034,3443.386056
Advanced,8,Technology 2,2035,3445.69344
Advanced,8,Technology 2,2036,3448.000824
Advanced,8,Technology 2,2037,3450.3082080000004
Advanced,8,Technology 2,2038,3452.615592
Advanced,8,Technology 2,2039,3454.9229760000003
Advanced,8,Technology 2,2040,3457.23036
Advanced,8,Technology 2,2041,3459.537744
Advanced,8,Technology 2,2042,3461.845128
Advanced,8,Technology 2,2043,3464.152512
Advanced,8,Technology 2,2044,3466.4598960000003
Advanced,8,Technology 2,2045,3468.76728
Advanced,8,Technology 2,2046,3471.074664
Advanced,8,Technology 2,2047,3473.382048
Advanced,8,Technology 2,2048,3475.689432
Advanced,8,Technology 2,2049,3477.996816
Advanced,8,Technology 2,2050,3480.3042
Moderate,8,Technology 2,2022,2995.8946933333323
Moderate,8,Technology 2,2023,3018.7329866666646
Moderate,8,Technology 2,2024,3041.571279999997
Moderate,8,Technology 2,2025,3064.4095733333293
Moderate,8,Technology 2,2026,3087.2478666666616
Moderate,8,Technology 2,2027,3110.086159999994
Moderate,8,Technology 2,2028,3132.9244533333267
Moderate,8,Technology 2,2029,3155.762746666659
Moderate,8,Technology 2,2030,3178.60104
Moderate,8,Technology 2,2031,3181.170348
Moderate,8,Technology 2,2032,3183.739655999991
Moderate,8,Technology 2,2033,3186.308964
Moderate,8,Technology 2,2034,3188.878272
Moderate,8,Technology 2,2035,3191.4475799999914
Moderate,8,Technology 2,2036,3194.016888
Moderate,8,Technology 2,2037,3196.5861959999997
Moderate,8,Technology 2,2038,3199.155504
Moderate,8,Technology 2,2039,3201.724812
Moderate,8,Technology 2,2040,3204.2941199999996
Moderate,8,Technology 2,2041,3206.863428
Moderate,8,Technology 2,2042,3209.432736
Moderate,8,Technology 2,2043,3212.002043999991
Moderate,8,Technology 2,2044,3214.571352
Moderate,8,Technology 2,2045,3217.14066
Moderate,8,Technology 2,2046,3219.7099679999915
Moderate,8,Technology 2,2047,3222.279276
Moderate,8,Technology 2,2048,3224.848584
Moderate,8,Technology 2,2049,3227.417892
Moderate,8,Technology 2,2050,3229.9872
Conservative,8,Technology 2,2022,2977.134666666662
Conservative,8,Technology 2,2023,2981.2129333333323
Conservative,8,Technology 2,2024,2985.291199999994
Conservative,8,Technology 2,2025,2989.3694666666647
Conservative,8,Technology 2,2026,2993.4477333333266
Conservative,8,Technology 2,2027,2997.525999999997
Conservative,8,Technology 2,2028,3001.604266666659
Conservative,8,Technology 2,2029,3005.6825333333295
Conservative,8,Technology 2,2030,3009.7608
Conservative,8,Technology 2,2031,3013.4312399999912
Conservative,8,Technology 2,2032,3017.10168
Conservative,8,Technology 2,2033,3020.7721199999914
Conservative,8,Technology 2,2034,3024.44256
Conservative,8,Technology 2,2035,3028.112999999991
Conservative,8,Technology 2,2036,3031.78344
Conservative,8,Technology 2,2037,3035.4538799999914
Conservative,8,Technology 2,2038,3039.1243200000004
Conservative,8,Technology 2,2039,3042.7947599999916
Conservative,8,Technology 2,2040,3046.4652
Conservative,8,Technology 2,2041,3050.1356399999913
Conservative,8,Technology 2,2042,3053.80608
Conservative,8,Technology 2,2043,3057.4765199999997
Conservative,8,Technology 2,2044,3061.14696
Conservative,8,Technology 2,2045,3064.8174
Conservative,8,Technology 2,2046,3068.48784
Conservative,8,Technology 2,2047,3072.15828
Conservative,8,Technology 2,2048,3075.82872
Conservative,8,Technology 2,2049,3079.49916
Conservative,8,Technology 2,2050,3083.1696
Advanced,9,Technology 3,2022,2922.3841259259216
Advanced,9,Technology 3,2023,2971.4093037037037
Advanced,9,Technology 3,2024,3020.7935333333294
Advanced,9,Technology 3,2025,3070.536814814807
Advanced,9,Technology 3,2026,3120.639148148145
Advanced,9,Technology 3,2027,3171.1005333333264
Advanced,9,Technology 3,2028,3221.9209703703687
Advanced,9,Technology 3,2029,3273.100459259254
Advanced,9,Technology 3,2030,3324.639
Advanced,9,Technology 3,2031,3326.8727999999915
Advanced,9,Technology 3,2032,3329.1066
Advanced,9,Technology 3,2033,3331.3404
Advanced,9,Technology 3,2034,3333.5741999999914
Advanced,9,Technology 3,2035,3335.807999999991
Advanced,9,Technology 3,2036,3338.0418
Advanced,9,Technology 3,2037,3340.2756
Advanced,9,Technology 3,2038,3342.5094
Advanced,9,Technology 3,2039,3344.7432
Advanced,9,Technology 3,2040,3346.977
Advanced,9,Technology 3,2041,3349.210799999991
Advanced,9,Technology 3,2042,3351.4446000000003
Advanced,9,Technology 3,2043,3353.6784000000002
Advanced,9,Technology 3,2044,3355.9121999999916
Advanced,9,Technology 3,2045,3358.146
Advanced,9,Technology 3,2046,3360.3797999999997
Advanced,9,Technology 3,2047,3362.6135999999997
Advanced,9,Technology 3,2048,3364.8473999999997
Advanced,9,Technology 3,2049,3367.0812
Advanced,9,Technology 3,2050,3369.315
Moderate,9,Technology 3,2022,2895.7931999999996
Moderate,9,Technology 3,2023,2917.8684
Moderate,9,Technology 3,2024,2939.9436
Moderate,9,Technology 3,2025,2962.0188
Moderate,9,Technology 3,2026,2984.094
Moderate,9,Technology 3,2027,3006.1692
Moderate,9,Technology 3,2028,3028.2444
Moderate,9,Technology 3,2029,3050.3196000000003
Moderate,9,Technology 3,2030,3072.3948
Moderate,9,Technology 3,2031,3074.87826
Moderate,9,Technology 3,2032,3077.3617200000003
Moderate,9,Technology 3,2033,3079.8451800000003
Moderate,9,Technology 3,2034,3082.32864
Moderate,9,Technology 3,2035,3084.8121
Moderate,9,Technology 3,2036,3087.29556
Moderate,9,Technology 3,2037,3089.77902
Moderate,9,Technology 3,2038,3092.26248
Moderate,9,Technology 3,2039,3094.7459400000002
Moderate,9,Technology 3,2040,3097.2294
Moderate,9,Technology 3,2041,3099.71286
Moderate,9,Technology 3,2042,3102.19632
Moderate,9,Technology 3,2043,3104.67978
Moderate,9,Technology 3,2044,3107.16324
Moderate,9,Technology 3,2045,3109.6467
Moderate,9,Technology 3,2046,3112.13016
Moderate,9,Technology 3,2047,3114.61362
Moderate,9,Technology 3,2048,3117.09708
Moderate,9,Technology 3,2049,3119.58054
Moderate,9,Technology 3,2050,3122.064
Conservative,9,Technology 3,2022,2877.6600000000003
Conservative,9,Technology 3,2023,2881.6020000000003
Conservative,9,Technology 3,2024,2885.5440000000003
Conservative,9,Technology 3,2025,2889.486
Conservative,9,Technology 3,2026,2893.428
Conservative,9,Technology 3,2027,2897.37
Conservative,9,Technology 3,2028,2901.312
Conservative,9,Technology 3,2029,2905.254
Conservative,9,Technology 3,2030,2909.196
Conservative,9,Technology 3,2031,2912.7437999999997
Conservative,9,Technology 3,2032,2916.2916
Conservative,9,Technology 3,2033,2919.8394
Conservative,9,Technology 3,2034,2923.3872
Conservative,9,Technology 3,2035,2926.935
Conservative,9,Technology 3,2036,2930.4827999999998
Conservative,9,Technology 3,2037,2934.0306
Conservative,9,Technology 3,2038,2937.5784000000003
Conservative,9,Technology 3,2039,2941.1262
Conservative,9,Technology 3,2040,2944.674
Conservative,9,Technology 3,2041,2948.2218
Conservative,9,Technology 3,2042,2951.7695999999996
Conservative,9,Technology 3,2043,2955.3174000000004
Conservative,9,Technology 3,2044,2958.8652
Conservative,9,Technology 3,2045,2962.413
Conservative,9,Technology 3,2046,2965.9608
Conservative,9,Technology 3,2047,2969.5085999999997
Conservative,9,Technology 3,2048,2973.0564000000004
Conservative,9,Technology 3,2049,2976.6042
Conservative,9,Technology 3,2050,2980.152
Advanced,10,Technology 4,2022,2305.2148725925895
Advanced,10,Technology 4,2023,2347.2923970370302
Advanced,10,Technology 4,2024,2389.7289733333328
Advanced,10,Technology 4,2025,2432.5246014814775
Advanced,10,Technology 4,2026,2475.6792814814744
Advanced,10,Technology 4,2027,2519.1930133333326
Advanced,10,Technology 4,2028,2563.0657970370335
Advanced,10,Technology 4,2029,2607.2976325925865
Advanced,10,Technology 4,2030,2651.8885200000004
Advanced,10,Technology 4,2031,2653.6703039999998
Advanced,10,Technology 4,2032,2655.452088
Advanced,10,Technology 4,2033,2657.233872
Advanced,10,Technology 4,2034,2659.015656
Advanced,10,Technology 4,2035,2660.7974400000003
Advanced,10,Technology 4,2036,2662.5792239999996
Advanced,10,Technology 4,2037,2664.361008
Advanced,10,Technology 4,2038,2666.142792
Advanced,10,Technology 4,2039,2667.924576
Advanced,10,Technology 4,2040,2669.70636
Advanced,10,Technology 4,2041,2671.4881439999913
Advanced,10,Technology 4,2042,2673.2699279999997
Advanced,10,Technology 4,2043,2675.051712
Advanced,10,Technology 4,2044,2676.8334959999997
Advanced,10,Technology 4,2045,2678.61528
Advanced,10,Technology 4,2046,2680.3970639999916
Advanced,10,Technology 4,2047,2682.178848
Advanced,10,Technology 4,2048,2683.960631999991
Advanced,10,Technology 4,2049,2685.7424159999914
Advanced,10,Technology 4,2050,2687.5242
Moderate,10,Technology 4,2022,2280.884026666659
Moderate,10,Technology 4,2023,2298.271653333327
Moderate,10,Technology 4,2024,2315.6592799999944
Moderate,10,Technology 4,2025,2333.0469066666615
Moderate,10,Technology 4,2026,2350.4345333333295
Moderate,10,Technology 4,2027,2367.822159999997
Moderate,10,Technology 4,2028,2385.2097866666645
Moderate,10,Technology 4,2029,2402.5974133333325
Moderate,10,Technology 4,2030,2419.98504
Moderate,10,Technology 4,2031,2421.941148
Moderate,10,Technology 4,2032,2423.8972559999916
Moderate,10,Technology 4,2033,2425.853364
Moderate,10,Technology 4,2034,2427.809472
Moderate,10,Technology 4,2035,2429.76558
Moderate,10,Technology 4,2036,2431.721688
Moderate,10,Technology 4,2037,2433.677796
Moderate,10,Technology 4,2038,2435.6339040000003
Moderate,10,Technology 4,2039,2437.590012
Moderate,10,Technology 4,2040,2439.54612
Moderate,10,Technology 4,2041,2441.5022280000003
Moderate,10,Technology 4,2042,2443.458336
Moderate,10,Technology 4,2043,2445.414444
Moderate,10,Technology 4,2044,2447.3705520000003
Moderate,10,Technology 4,2045,2449.32666
Moderate,10,Technology 4,2046,2451.282768
Moderate,10,Technology 4,2047,2453.2388760000003
Moderate,10,Technology 4,2048,2455.194984
Moderate,10,Technology 4,2049,2457.151092
Moderate,10,Technology 4,2050,2459.1072000000004
Conservative,10,Technology 4,2022,2266.6013333333294
Conservative,10,Technology 4,2023,2269.706266666659
Conservative,10,Technology 4,2024,2272.811199999997
Conservative,10,Technology 4,2025,2275.916133333327
Conservative,10,Technology 4,2026,2279.021066666665
Conservative,10,Technology 4,2027,2282.1259999999943
Conservative,10,Technology 4,2028,2285.2309333333324
Conservative,10,Technology 4,2029,2288.335866666662
Conservative,10,Technology 4,2030,2291.4408
Conservative,10,Technology 4,2031,2294.23524
Conservative,10,Technology 4,2032,2297.02968
Conservative,10,Technology 4,2033,2299.8241199999916
Conservative,10,Technology 4,2034,2302.61856
Conservative,10,Technology 4,2035,2305.413
Conservative,10,Technology 4,2036,2308.20744
Conservative,10,Technology 4,2037,2311.0018799999916
Conservative,10,Technology 4,2038,2313.79632
Conservative,10,Technology 4,2039,2316.59076
Conservative,10,Technology 4,2040,2319.3852
Conservative,10,Technology 4,2041,2322.1796400000003
Conservative,10,Technology 4,2042,2324.97408
Conservative,10,Technology 4,2043,2327.76852
Conservative,10,Technology 4,2044,2330.56296
Conservative,10,Technology 4,2045,2333.3574000000003
Conservative,10,Technology 4,2046,2336.15184
Conservative,10,Technology 4,2047,2338.94628
Conservative,10,Technology 4,2048,2341.7407200000002
Conservative,10,Technology 4,2049,2344.5351600000004
Conservative,10,Technology 4,2050,2347.3295999999996
